anio,codigo_organismo,organismo,codigo_proceso,item,cantidad,monto_unitario_clp,monto_total_clp,banderas_calidad,mecanismo
2025,100155,I MUNICIPALIDAD LO BARNECHEA,3724-13-PC25,LICENCIAMIENTO MICROSOFT 365,1.0,1335313440000.0,1335313440000.0,extrema;revisar,Procedimiento concursal
2025,7002,JUNTA NACIONAL DE AUXILIO ESCOLAR Y BECA,1084-4-PC25,PAE-PAP 2025-2028,1.0,999999999999.0,999999999999.0,extrema,Procedimiento concursal
2026,7002,JUNTA NACIONAL DE AUXILIO ESCOLAR Y BECA,1084-4-PC26,PAE 2027-2030 (reemplazo 85-53-LR23),1.0,999999999999.0,999999999999.0,extrema,Procedimiento concursal
2025,7002,JUNTA NACIONAL DE AUXILIO ESCOLAR Y BECA,1084-4-PC25,PAE-PAP 2026-2029,1.0,760486330633.0,760486330633.0,extrema,Procedimiento concursal
2025,7002,JUNTA NACIONAL DE AUXILIO ESCOLAR Y BECA,1084-5-PC25,BAES 2025-2026,1.0,655000000000.0,655000000000.0,extrema,Procedimiento concursal
2026,7002,JUNTA NACIONAL DE AUXILIO ESCOLAR Y BECA,1084-6-PC26,BAES 2027-2028,1.0,650000000000.0,650000000000.0,extrema,Procedimiento concursal
2026,7002,JUNTA NACIONAL DE AUXILIO ESCOLAR Y BECA,1084-6-PC26,BAES 2027-2028,1.0,650000000000.0,650000000000.0,extrema,Procedimiento concursal
2026,7006,SERVICIO DE SALUD SUR UNIDAD HOSPITALARI,1057972-1-PC26,Normalización Hospital Barros Luco Trudeau,1.0,505000000000.0,505000000000.0,extrema,Procedimiento concursal
2025,6924,CORP NACIONAL FORESTAL,1629-5-PC25,"Arriendo de vehículos, furgones camionetas, crossover y suv",17.0,23530000000.0,400010000000.0,extrema,Procedimiento concursal
2026,100155,I MUNICIPALIDAD LO BARNECHEA,3724-14-PC26,PROYECTO DE INFRAESTRUCTURA,1.0,379658096000.0,379658096000.0,extrema,Procedimiento concursal
2025,7359,SUBSECRETARÍA DE LAS CULTURAS Y LAS ARTES,2721-2-PC25,"1. Suministro Servicios de Producción Integral para actividades y Encuentros del Programa Red Cultura. Producción técnica, alojamiento, alimentación, entre otro",1.0,336400000000.0,336400000000.0,extrema,Procedimiento concursal
2026,6953,INSTITUTO DE SEGURIDAD LABORAL,1415855-1-PC26,"INI26-DST-01 - CONTRATACIÓN DE LOS SERVICIOS DE PRESTACIONES MÉDICAS DIRIGIDOS A PACIENTES DEL INSTITUTO DE SEGURIDAD LABORAL, A NIVEL NACIONAL.",1.0,320000000000.0,320000000000.0,extrema,Procedimiento concursal
2025,6954,FONDO NACIONAL DE SALUD,1587-8-PC25,prestaciones sanitarias camas criticas via GRD,50.0,4000000000.0,200000000000.0,extrema,Procedimiento concursal
2025,6954,FONDO NACIONAL DE SALUD,1587-8-PC25,Prestaciones sanitarias UGCC,50.0,3842606700.0,192130335000.0,extrema,Procedimiento concursal
2025,100155,I MUNICIPALIDAD LO BARNECHEA,3724-13-PC25,ADQUISICIÓN DE NUEVOS SWITCHES PARA RENOVACIÓN DE LOS ANTIGUOS EN EL CENTRO CÍVICO (EQUIPOS Y SERVICIOS PROFESIONALES),1.0,155835000000.0,155835000000.0,extrema,Procedimiento concursal
2025,7141,SERVICIO DE SALUD DEL MAULE,2973-43-PC25,RECONTRATACIÓN CONSTRUCCIÓN HOSPITAL LINARES,1.0,138513358000.0,138513358000.0,extrema,Procedimiento concursal
2026,6953,INSTITUTO DE SEGURIDAD LABORAL,1415855-1-PC26,INI26-DST-125 - PM METROPOLITANA SERVICOS DE PRESTACIONES MEDICAS DIRIGUIDOS A PACIENTES DEL ISL REGIONAL,1.0,130000000000.0,130000000000.0,extrema,Procedimiento concursal
2025,1887034,SERVICIO NACIONAL DE REINSERCION SOCIAL JUVENIL,1301883-14-PC25,EJECUCIÓN PROGRAMAS LEY 20.084,9.0,14284286986.0,128558582874.0,extrema,Procedimiento concursal
2025,100155,I MUNICIPALIDAD LO BARNECHEA,3724-13-PC25,LICENCIAMIENTO AUTODESK,1.0,105526800000.0,105526800000.0,extrema,Procedimiento concursal
2025,111124,I MUNICIPALIDAD DE ALHUE,3921-1-PC25,Materiales para mantenimientoy reparaciones y etc,1.0,100000000000.0,100000000000.0,extrema,Procedimiento concursal
